{
  "project_info": {
    "project_number": "233748284591",
    "firebase_url": "https://asind-dcb06.firebaseio.com",
    "project_id": "asind-dcb06",
    "storage_bucket": "asind-dcb06.appspot.com"
  },
  "client": [
    {
      "client_info": {
        "mobilesdk_app_id": "1:233748284591:android:35a1e4a58ba5e440e3405a",
        "android_client_info": {
          "package_name": "com.example.asind"
        }
      },
      "oauth_client": [
        {
          "client_id": "233748284591-hhcaoab09kqdhbns34c78quu44c9g5ps.apps.googleusercontent.com",
          "client_type": 1,
          "android_info": {
            "package_name": "com.example.asind",
            "certificate_hash": "a316f3b070048ac97e42895b2847abb98acc7e7a"
          }
        },
        {
          "client_id": "233748284591-c9pmmq06c9t5sqhgpajtiko8m8nmcup7.apps.googleusercontent.com",
          "client_type": 3
        }
      ],
      "api_key": [
        {
          "current_key": "AIzaSyChq-c0uLeEpy8GfLugmEPuuKLvG0moEcA"
        }
      ],
      "services": {
        "appinvite_service": {
          "other_platform_oauth_client": [
            {
              "client_id": "233748284591-c9pmmq06c9t5sqhgpajtiko8m8nmcup7.apps.googleusercontent.com",
              "client_type": 3
            }
          ]
        }
      }
    }
  ],
  "configuration_version": "1"
}